{
  "visible": true,
  "roundPosToTwoDecimals": true,
  "minMode": false,
  "hudX": 0,
  "hudY": 0,
  "hudScale": 1.0,
  "hudTextShadow": true,
  "renderBackground": true,
  "renderChunkData": true,
  "renderDirection": true,
  "renderBiome": true,
  "biomeColors": true,
  "renderDirectionInt": true,
  "renderMCVersion": true,
  "definitionColor": 5635925,
  "dataColor": 16777215,
  "deathPosColor": 5636095,
  "backgroundColor": 1079794780,
  "displayPosOnDeathScreen": true,
  "showDeathPosInChat": true,
  "padding": 5,
  "textPadding": 15,
  "posChatMessage": "{x} {y} {z}",
  "copyPosMessage": "{x}, {y}, {z}"
}